Yasmin Mani,OTPPM1509L
Arpit Dewan,JVXPD3863Y
Teena Kakar,OQBPK7970O
Gunjan Modi,ERMPM6692X
Ananya Tiwari,ANUPT2173E
Qadim Deol,GLLPD3684N
Ram Gopal Goyal,TNFPG1159F
Dipti Dhaliwal,BKAPD2470R
Kajal Chakraborty,ZXZPC9543T
Mukti Ranganathan,RFMPR4726S
Zeeshan Mathur,PQZPM8455F
Basanti Sachdev,PIPPS3155C
Drishti Naruka,OBKPN4875V
Kirti Parekh,QHXPP4361R
Jiya Bhatnagar,VPJPB7160U
Sheetal Chaudhuri,ZZPPC6941R
Yogesh Pandya,XELPP6655X
Neha Devi,QGFPD5191O
Kabeer Sahota,LIIPS9058Z
Ambika Rege,UWIPR3900P
Maya Rampersad,YHEPR4926O
Ibrahim Pant,QGIPP1670O
Divya Chauhan,EJIPC8298B
Ricky Ghosh,KEAPG8600J
Jagdish Goyal,THWPG2778O
Gulab Binnani,XQMPB5398P
Kirti Naik,FGTPN5820L
Nitin Srinivas,HCSPS7695W
Hassan Pillai,DPWPP3005H
Usman Masih,PTJPM5797S
Prerna Sem,IRHPS2787K
Amir George,YAXPG8472I
Harpreet Jaggi,ELZPJ8460P
Vimala Suresh,XWZPS9436C
Babita Mani,MYOPM1139B
Ganesh Dash,YXWPD9130I
Vijay Behl,GXNPB5784F
Richa Mand,YKLPM3845A
Mahmood Dubey,ZHUPD9644W
Sai Kuruvilla,MWOPK8681S
Supriya Yogi,VUPPY9544O
Yasmin Oommen,FRGPO8879C
Avantika Bora,WSWPB7841U
Lalit Som,GBQPS7223Y
Bhanupriya Vora,TLOPV4423C
Gauransh Sabharwal,YRDPS4331Y
Emran Patla,QVKPP6217B
Vineeta Mathur,NGXPM1755L
Aadil Balay,YZMPB2909S
Jamshed Nanda,PPMPN9468E
Nancy Subramaniam,KHIPS5632Y
Anusha Cherian,EOOPC6603E
Yogesh Sridhar,HHGPS6434A
Jyoti Bhasin,TYFPB9778H
Roma Mital,IDVPM2063Y
Devendra Sekhon,QAMPS3083W
Satishwar Khurana,DYQPK4816U
Moti Gade,KAXPG7889Y
Megha Chaudhry,DGRPC1781O
Mitesh Sandhu,XAFPS7781P
Hema Vyas,XNZPV4814L
Aruna Som,RVPPS6545W
Riya Goel,EPUPG9883B
Ajeet Ramroop,OOZPR4084J
Bhanupriya Chatterjee,MJVPC5671Y
Nishtha Dass,YMYPD7682D
Divya Rai,ODZPR9273I
Labeen Mehrotra,IIMPM1471U
Basanti Sabharwal,LBPPS3616V
Ghalib Chowdhury,YEMPC6326F
Mukul Nagi,PJJPN9658A
Mukul Setty,EZKPS1028H
Sunita Majumdar,QKMPM3627C
Trishana Sachdeva,OMCPS7230O
Indrani Chawla,ZIYPC3232I
Ratan Thakkar,OAJPT1044N
Amolika Mathew,UNWPM7927Z
Gunjan Soman,ZAAPS3795H
Ram Choudhary,FFZPC8276N
Radha Mohabir,CVYPM8751E
Anusha Saini,IYEPS2981N
Trishana Bhalla,UNSPB3549G
Anjana Sheth,QPIPS7503N
Smriti Oza,ZMUPO8000S
Faisal Dodiya,SXGPD6819N
Rakhi Baria,HTXPB2633R
Vikrant Dodiya,GURPD6770A
Rajesh Bassi,MEMPB8484S
Brock Ramkissoon,DXCPR1658T
Binoya Doctor,WINPD5477A
Shobha Borra,STCPB9202Z
Rupesh Shukla,DACPS8211Q
Monin Garde,WYXPG9994E
Gulab Bhatnagar,JHXPB1201I
Sohail Dugal,ENNPD5826C
Chandni Hayre,NALPH4761O
Akhila Sani,QZWPS3251P
Preet Bath,EZBPB8382D
Yasmin Jacob,MTNPJ1044O
Emran Lachman,YSQPL6814G
Amrita Viswanathan,EOIPV1019P
Yadu Chaudhari,DUXPC4580I
Sukriti Bhagat,OQAPB8817A
Sapna Nagy,SZYPN9818S
Sabina Chauhan,YVKPC8860Z
Kabeer Devan,JVMPD1440O
Ram Sunder,QVLPS2548Y
Moti Borde,WIDPB8280M
Urmila Sathe,MOTPS8164O
Savita Mohan,YPSPM2410P
Nilam Somani,JPVPS6703W
Nancy Ganguly,XSVPG6575F
Anees Chakrabarti,WANPC3233Z
Nakul Basak,NERPB1799H
Padmini Taneja,CRSPT9106Q
Isha Zachariah,JNEPZ2687U
Namita Seth,ICBPS1528B
Divya Naidu,LXRPN2948F
Mukti Meda,YJOPM9611X
Damini Sura,SLGPS1024G
Vijayent Choudhary,XIOPC3673V
Harbhajan Ratta,TOQPR1834X
Obaid Palan,AZMPP7281P
Harpreet Bedi,ZKTPB2608S
Sameera Sarma,OIUPS7343I
Nishtha Dani,NMRPD9152K
Heer Meda,WMWPM9469C
Vicky Ganguly,GRFPG9473H
Gaurav Dial,CWTPD7278L
Rimi Wadhwa,OIKPW2192A
Dipti Jaggi,REWPJ5346B
Ajeet Rajagopalan,DSMPR6662Y
Basanti Issac,BYYPI6614I
Mukul Kapoor,KKIPK9321Q
Navami Ganguly,RTEPG3911N
Brock Divan,NHJPD4966T
Abhishek Chia,TDFPC2878N
Sai Salvi,FXOPS8586F
Shanti Sood,JWFPS9473P
Mustafa Gera,LRXPG3547S
Damini Kabra,QITPK8164R
Tanay Saini,BXPPS7295C
Hira Kala,AOUPK8931H
Marlo Hayre,MMSPH7657X
Avantika Sarkar,OYYPS2261G
Akshay Kalita,YKGPK9131L
Rita Agate,XTPPA6220A
Elias Bhat,FADPB9355R
Lakshmi Kunda,NDRPK5904R
Sabina Dar,SBAPD9911X
Devendra Gole,ONWPG7332C
Diya Balakrishnan,UPDPB6180N
Aisha Chand,ZRPPC4199W
Nalini Dewan,APSPD6043I
Devendra Krish,GKDPK2541E
Pinky Borra,OWGPB6820E
Damini Vasa,ICSPV4183A
Urmi Philip,BHDPP5873W
Anees Sarraf,ZBTPS4787P
Aadish Goyal,ISFPG6605U
Ratan Sangha,VAHPS7434O
Juhi Kabra,ZLGPK3469Q
Manoj Majumdar,VQQPM5188P
Leelawati Mall,GUHPM1882H
Ananya Ramaswamy,KZAPR1125A
Abdul Sharma,RBOPS4854U
Jayshree Swaminathan,JIPPS1425O
Dhiraj Badami,MPAPB4197E
Sweta Chandra,KONPC9050Z
Moti Usman,FQIPU7872U
Naina Vyas,HRDPV5933I
Mehul Choudhry,JGXPC7527Y
Abhinav Kibe,JVHPK1498K
Julie Dass,JONPD3080X
Gunjan Lodi,OUEPL6108V
Pirzada Shetty,MGWPS4607D
Anusha Krishna,JNYPK1207N
Rakhi Nadig,IUGPN7226E
Meghana Parsa,QHRPP5085W
Arjun Tiwari,KQIPT3576D
Ankita Shankar,DBCPS2676L
Seema Kala,JCWPK2421E
Jasmin Dewan,CQGPD8545E
Sameera Dave,KHFPD8930K
Navami Pillay,LGNPP4055B
Divya Malhotra,EZCPM9560E
Chirag Bhattacharyya,LHYPB9546K
Nishi Manda,NUUPM1465K
Fakaruddin Gole,ZHUPG2967R
Tarun Saha,SFEPS6980G
Kailash Dey,GYYPD1125L
Narmada Sibal,AXVPS7748H
Aatif Ravi,WJQPR8452E
Sid Mallick,UUZPM6327V
Mridula Meka,WRBPM6199M
Radheshyam Manda,HNZPM3234D
Ghalib Andra,JGIPA1240D
Gajendra Beharry,SUUPB8355Q
Anshu Sane,GIZPS8036W
Mukund Bhavsar,VIIPB2624V
Ritika Bal,CUKPB5697P
Tabeed Thomas,TYPPT7775O
Urvashi Sharaf,WJWPS6126B
Rimi Ganesh,JGBPG6857N
Wafiq Mann,VLOPM4017W
Ram Kalita,MKCPK2132I
Kim Sampath,SYBPS1095O
Tanay Khan,IRTPK1565R
Baber Sathe,AQTPS5389E
Lata Golla,ZYHPG4353E
Veena Chada,HXYPC4952R
Baalkrishan Deol,KNLPD2847N
Pranay Viswanathan,EDSPV1911J
Abhinav Dayal,BNVPD7929U
Virat Devi,LBPPD7475T
Mridula Binnani,JZKPB6215M
Parminder Walla,JNTPW4370U
Abhishek Tiwari,BDXPT1965M
Zeenat Cherian,UENPC5779G
Mukul Gokhale,COJPG7579P
Sai Bhandari,KEVPB9324F
Aditya Sunder,ATOPS8499X
Ragini Varughese,MOZPV5629I
Jagruti Barad,VWUPB5019Y
Eddie Bhargava,BRRPB6179Q
Aisha Ratti,NYCPR3799Q
Nakul Arya,AMBPA5274H
Nalini Thakur,CQFPT1189Q
Alaknanda Magar,THQPM2797X
Richa Ghosh,ZOIPG1477Y
Anshu Krish,SVCPK8819X
Rupal Rastogi,DIGPR5888U
Namita Rajan,CCUPR7468M
Damini De,XHZPD9824N
Indira Raval,DGNPR6447U
Monica Natarajan,JXJPN2418G
Pushpa Bhargava,DOYPB1287O
Virat Virk,FOVPV8975L
Binoya Sen,BYTPS6256R
Jack Saha,KCSPS7060Z
Kasturba Sachdeva,QPIPS7658G
Moti Gopal,ACGPG7966K
Charu Dutt,YHEPD4400B
Anshu Meda,LSZPM3961K
Mayawati Solanki,PSDPS4827F
Lata Acharya,ZWTPA4173Y
Fakaruddin Sing,MSIPS2192E
Jayshree Loyal,TLVPL1109G
Afreen Sarma,VRLPS7490X
Niyati Magar,OWVPM3983H
Naina Srinivas,KXLPS5100U
Navami Ben,ZKUPB8620K
Padama Karnik,ONGPK5992N
Satishwar Gupta,JTFPG7383X
Jack Karan,YQYPK1188Z
Kamlesh Varma,LUDPV6176P
Pradeep Dutta,TIYPD5061U
Sharad Das,OJPPD5345Z
Shanti Sem,UPBPS3324Q
Venkat Chand,FXOPC5287U
Riddhi Modi,PUDPM1419X
Hetan Bhattacharyya,NJKPB7316Q
Nishita Ahluwalia,MOIPA5365T
Pranay Matthai,YAHPM6065D
Ganesh Mangat,ISMPM4306H
Jagat Viswanathan,CTNPV4550U
Prabhat Merchant,IUZPM5372G
Azhar Chakrabarti,RCBPC2265M
Sabina Ben,MAZPB3038D
Shashank Nayar,VYJPN4323Y
Manpreet Sem,NTJPS3895K
Mitesh Mutti,UJIPM9528W
Laveena Ramnarine,VQWPR9992Z
Sohail Barman,VTLPB3399D
Heena Kota,WUNPK2124D
Neha Bala,YSUPB1944N
Nishi Dutta,KJKPD2460R
Akanksha Rampersad,KKQPR3375H
Farah Chaudhry,GAEPC1713C
Ananya Kapadia,FGWPK6393N
Mohanlal Sunder,MZNPS8393P
Baber Kannan,QUJPK1673L
Astha Srivastava,FGOPS1411M
Aarushi Batra,IGTPB4132E
Hetan Gokhale,RCRPG1481V
Bahadur Dora,PBHPD3333P
Binita Chohan,OSYPC2410F
Usha Bhalla,JPOPB3919W
Alex Cherian,TBVPC1796N
Astha Prabhu,OJNPP4051T
Megha Sharma,LSMPS7000G
Juhi Hari,NUGPH5128C
Jobin Mani,XXUPM5966I
Laveena Sarraf,TTXPS6920E
Jagruti Shankar,CJNPS9133I
Gowri Grover,MJSPG4487C
Prerna Saha,KURPS6045N
Runjhun Divan,JTEPD6663H
Rupal Mathew,NAWPM1261C
Chandni Mogul,SCMPM3038C
Priyanka Soni,YDTPS2768O
Komal Grewal,CWDPG7385Z
Ambika Saini,EGQPS8183K
Darpan Chadha,QTOPC1971Z
Akshay Ghosh,CAWPG1497I
Prabhat Mistry,IDAPM3209M
Rohini Mehan,IFNPM8189Y
Radhe Kaul,XCBPK7456V
Ghalib Pai,CJDPP3633K
Akanksha Bath,BJRPB7378X
Krishna Pant,OGGPP6478Y
Parveen Pau,CMSPP6311B
Qabeel Deshmukh,JMUPD8598E
Nirmal Ramnarine,PTIPR6585S
Kanika Reddy,GDSPR2112S
Gauransh Sawhney,LMCPS8435E
Trishana Agrawal,GJZPA7163F
Aarti Divan,TKUPD6732Q
Heena Biyani,SFTPB6975K
Lata Narayan,CYIPN1919W
Qabool Acharya,AFYPA2393M
Akanksha Mutti,SNJPM2338U
Teena Buch,YBZPB3428X
Bhairavi Sharma,YNJPS7591J
Albert Comar,KGRPC1244Q
Satish Mishra,JYBPM9305I
Dhanush Vala,IDNPV5357M
Ibrahim Divan,ZUWPD2874M
Jiya Bawa,KJMPB8471K
Afreen Sastry,QKEPS3030K
Binod Mahal,AFCPM1265O
Urvashi Bora,RAZPB4842C
Hema Srinivasan,TWGPS6001R
Aditya Chacko,JJRPC9009W
Gajendra Nigam,MLQPN3821U
Aslam Tara,VQNPT5191H
Owais Dhawan,YGWPD4064N
Heer Bhatia,ZSMPB1251T
Jagruti Sur,FZGPS3741O
Manpreet Dalal,NBTPD6438I
Ricky Kara,DACPK1953J
Richa Bajaj,GJBPB6449Q
Virat Doshi,BFRPD8312G
Harpreet Prasad,WNOPP4445B
Umar Walla,IJPPW3274Y
Chitra Patla,MGPPP9743D
Lakshmi Pillay,UWEPP3021B
Ajeet Inani,DPHPI8741S
Nishi Sethi,FMNPS5450C
Rahim Tella,CMUPT5518H
Pranab Kumar,BTXPK7008E
Julie Bhatnagar,IRLPB3242J
Aishwarya Pal,LMWPP4812J
Chhavi Mahabir,UACPM8163F
Alka Rau,AAMPR6505U
Suraj Sengupta,FORPS4266M
Aarti Kanda,GREPK6801U
Namita Barad,YGSPB3157W
Roma Varma,QRKPV9980V
Aadish Usman,FXYPU6810F
Sai Sinha,YPDPS5618X
Bhanupriya Sinha,UJDPS2885A
Dhanush Shan,FAFPS4192N
Aishwarya Narain,POXPN8401G
Kartik Shankar,TVVPS3247F
Namita Dash,LNMPD2804O
Aditya Parsa,TECPP8865H
Nilima Bhasin,DAZPB9121F
Saurabh Bajaj,ZMQPB8077X
Vikrant Salvi,WVTPS3973M
Pinky Agate,ACCPA3450J
Nupoor Sing,LMEPS2010K
Afreen Mahadeo,ABSPM1610L
Giaan Behl,ECXPB6195M
Elias Sachar,VMVPS4215M
Feroz Dada,RMLPD8485E
Ekbal Sule,GEPPS4899U
Nikita Patel,QTIPP3493C
Varun Sahni,KYOPS3891S
Arvind Mody,DPMPM6943X
Somnath Natarajan,FYOPN3150P
Bishnu Roy,NNVPR6673L
Arpit Dalal,HHSPD3430R
Taahid Agrawal,JWAPA1613Y
Alka Ramson,MEHPR2542K
Jamshed Comar,NSKPC7705D
Malik Dalal,JXCPD5672S
Arjun Dodiya,SLTPD5501R
Chitranjan Dayal,SVLPD7004Y
Jasmin Golla,QFMPG8316A
Indrani Kara,BTKPK7027H
Zeeshan Sura,BFPPS7834G
Abhinav Bedi,ASKPB4440A
Uday Bhasin,NUOPB9532A
Narmada Mand,NSUPM2635G
Madhu Sinha,GOJPS2740P
Omar Buch,GECPB2581P
Krishna Sarkar,BHEPS9465X
Anand Chandra,WQIPC7598V
Bhanupriya Anthony,AZCPA9619S
Sheetal Sha,CHFPS7158N
Hari Sankaran,VFKPS1921J
Neela Chanda,FDIPC7232O
Wafiq Chandra,FQXPC3135M
Hetan Grover,ZWPPG9115K
Aditi Halder,XOWPH6711C
Aniruddh Goswami,GRCPG5610D
Surya Sood,MUUPS2636S
David Karnik,ZGBPK8214G
Laveena Prabhu,QRMPP8061Y
Bahadur Chaudry,LJPPC4360Y
Namita Nadkarni,DZYPN8984I
Alex Vig,XVCPV1547V
Rita Bath,HTJPB8768Q
Hira Karnik,YFFPK3781O
Veena Babu,LLCPB8321D
Alex Pandya,QXFPP9748O
Meghana Swaminathan,ILIPS6197U
Rehman Narula,IFSPN3657M
Aayushman Zachariah,YWOPZ2615R
John Halder,RJCPH6595X
Namita Bumb,JWSPB2212J
Yash Bath,IWYPB6831N
Afreen Joshi,GPBPJ6051D
Nupoor Tripathi,VRAPT5762K
Srinivasan Nadkarni,BIPPN9573J
Yadu Maraj,REEPM8547I
Niyati Agate,INAPA3969T
Isha Natt,BVNPN3933H
Falguni Dutta,YQKPD5805O
Gauransh Gopal,RCUPG9440C
Tanuja Mangat,ZQOPM7382W
Qabool Grover,CVBPG1474Z
Pinky Lall,CJMPL1773T
Ram Seshadri,WVHPS1231J
Balaji Chawla,YDIPC9078W
Nazir Pall,WIWPP5988H
Sameera Hans,SQYPH9058S
Sona Chauhan,PWQPC9246P
Devendra Thaman,INMPT8137P
Venkat Ramachandran,MXJPR6980F
Trishana Mehan,HAGPM1818W
Rimi Bhatt,JAAPB7219P
Meghana Sani,LMPPS4532O
Jobin Devi,QXJPD6145L
Charandeep Mahal,TUFPM2763E
Mayawati Sathe,AIBPS2464C
Parminder Babu,PMAPB5106I
Feroz Ghosh,OHTPG4885D
Aslam Vyas,NQGPV2571L
Rupesh Chacko,TGTPC4210D
Sona Bhagat,URWPB9313F
Trishana Wason,KBGPW7973I
Anand Mahabir,URDPM2083S
Jiya Ganesan,YKXPG7278S
Satish Mittal,MWIPM5906Y
Chhaya Palla,NXUPP9736U
Navami Harjo,MESPH5900L
Damini Setty,SYOPS1444S
Pradeep Narain,IUJPN5477Q
Prerna Grewal,LBZPG4095M
Preet Ramesh,MRNPR3036M
Pranab Thakur,DEVPT2907X
Leelawati Dial,BRAPD1080P
Chand Murthy,JVWPM9350T
Nishtha Dass,UZKPD9825M
Kim Thaman,TVOPT6178B
Nishi Amin,LCKPA4246E
Umesh Parmar,ZBJPP9141R
Abhishek Yogi,TPZPY1881H
Nikita Borra,IEEPB4951W
Anusha Mehan,WHCPM6335B
Nishtha Ramroop,GCQPR6284U
Leela Nair,WLEPN9654F
Sumit Meka,DVLPM2331I
Anusha Parmar,BDIPP6606X
Parvez Parmar,TZIPP7180D
Arpit Rao,EURPR3527X
Darpan Binnani,PMUPB2159K
Akshay Malpani,NVGPM2279X
Trishana Ramachandran,PUAPR7623J
Anees Kade,KCDPK5133S
Vimala Prakash,ZIYPP8374V
Pushpa Kadakia,UMWPK1880Q
Laveena Minhas,YUZPM1964J
Preet Andra,SLMPA9945G
Kamini Sood,WREPS2481Z
Feroz Grover,VUGPG1189H
Rajesh Mohan,VKMPM7111N
Koushtubh Mogul,CMGPM1248T
Qadim Kuruvilla,DBEPK6723V
Indrani Sachdeva,TEDPS8192U
Rehman Master,TQZPM7187D
Alka Mangat,MREPM7301Q
Nayan D’Alia,EPVPD6497W
Ishat Balan,KVFPB2336Q
Gayatri Bhattacharyya,NTVPB8083P
Pranay Boase,ISNPB3945B
Aruna Barman,SQFPB4519V
Emran Chawla,WZZPC7878I
Kailash Toor,URTPT2156W
Rashid Prabhakar,BGRPP8296X
Neerendra Lalla,TLLPL7690P
Astha Bava,UQCPB1930P
Yamini Gole,UFJPG2213E
Sukriti Ravi,XIDPR8802B
Sid Maheshwari,WVLPM2688K
Rakhi Upadhyay,BWYPU9796J
Hassan Thaman,NBEPT4835T
Abdul Sharma,DGJPS9909B
Sushant Pandit,MKRPP7814T
Hrishikesh Thaker,SIUPT2535J
Gauransh Dasgupta,NSKPD9373T
Mayawati Garg,RRFPG5852H
Shweta Chaudry,KWTPC7257B
Rehman Anne,WVUPA1061X
Neha Naidu,CDOPN5137P
Lakshmi Jaggi,BRZPJ7908M
Obaid Subramanian,HMQPS3162B
Ruchi Puri,WFXPP7210V
Namita Deep,GMZPD1838M
Meghana Yogi,ZHTPY5359F
Tushar Kanda,AJCPK9237U
Ananya Viswanathan,PPAPV1439I
Jobin Pandit,JFBPP6256K
Rehman Jaggi,ESDPJ2186W
Ritika Jhaveri,NMIPJ6696F
Heer Iyer,AWUPI6631W
Tulsi Thaker,JMBPT3852H
Arun Tailor,HMBPT3667T
Nikita Rajan,LSQPR7330G
Samir Reddy,OODPR9689I
Urmila Dayal,ROSPD1921Z
Manpreet Sagar,USJPS9308E
Abhinav Meka,CLJPM5286C
Obaid Rajagopalan,RXSPR3873K
Rita Misra,VPMPM5343Z
Madhavi Maraj,IMQPM8143Q
Fardeen Verma,GASPV2263E
Astha Sama,KXXPS5328I
Binita Mittal,QTCPM9803E
Navami Mukhopadhyay,AHSPM7561E
Nutan Mahal,BDPPM9809S
Anand Mathur,EFAPM3854A
Aabha Gupta,YCGPG9754U
Nitin Karpe,XKLPK3823N
Urmi Vohra,FMRPV6003G
Harbhajan Misra,BLHPM2814N
Kasturi Dar,GWAPD6451I
Aabha Borah,GMBPB5500I
Divya Narine,ZDGPN8220D
Nalini Oza,AEWPO1862D
Nirmal Tank,DPNPT7955W
Riya Gaba,RRYPG1504B
Mukti Loke,QJNPL4259N
Mahmood Kabra,KHUPK1186C
Usha Kakar,TUJPK6459A
Gulzar Modi,JKCPM9654D
Kamini Chandra,XKGPC4317R
Wafiq Garde,DYVPG2853M
Vikrant Basu,PUAPB9085L
Sapna Rao,RWOPR8766K
Meghana Dasgupta,XHAPD4296X
Qadim Ramroop,LYAPR2832L
Harpreet Sani,PTRPS7127O
Padama Bail,ELTPB2033K
Nitin Rajan,ZPQPR8169B
Padmini Jain,IQKPJ2654Y
Naval Bath,ZIIPB1943A
Ishat Kuruvilla,JCNPK7305X
Deep Bains,OTDPB5344R
Pirzada Basu,WAPPB8300F
Gunjan Khare,KHUPK7268X
Mitesh Trivedi,QSGPT8925Q
Ehsaan Trivedi,WPAPT1424I
Anshu Toor,UBDPT1515M
Neha Lall,ALJPL6445K
Sushmita Rajan,KEJPR7082B
Jiya Dara,QHXPD5325B
Narmada Mistry,GZGPM8960M
Avantika Saini,URGPS1681B
Gaurav Walia,ACRPW1930Q
Yamini Date,XZRPD6120G
Aabha Persad,YIIPP5513L
Tabeed Mannan,OOSPM9889T
Aayushi Som,QBOPS7691Y
Narmada Banerjee,XXEPB4923L
Manpreet Jha,WTFPJ1300G
Hema Sastry,BQYPS5737S
Jatin Kunda,WFFPK4173H
Jiya Bhandari,GIMPB4806T
Aarushi Divan,BXNPD7068I
Aditi Gola,CVQPG9752H
Komal Parekh,ZQZPP3653Y
Albert Kale,HPSPK4666T
Vimala Merchant,VXVPM7732W
Madhu Master,DGUPM5703E
Kajol Golla,SLCPG8984K
Jawahar Chad,KEBPC1251N
Radhe Mohabir,EFFPM9588Y
Gayatri Raghavan,KHYPR4105R
Mohan Sharma,GTCPS6987P
Kushal Manda,ZRSPM2662X
Mukti Soni,JLTPS2725R
Kim Masih,CDWPM3139P
Mukund Ray,IDVPR6697T
Gayatri Ravel,BIUPR3095I
Ajay Sodhani,WJZPS6849D
Iqbal Gera,EOSPG7775M
Alaknanda Raj,HULPR2667V
Padmini Palan,HGDPP3189S
Gauransh Bhagat,HVEPB5274J
Samir Mehra,BZEPM6811B
Veena Sastry,TDDPS4266Y
Lakshmi Khan,UMQPK9453L
Karim Borde,GSXPB6748L
Mohan Hayre,YJXPH8451Y
Rachel Somani,ABGPS3159E
Charu Nanda,IIKPN4579Y
Nancy Shetty,CWFPS9383R
Bhaagyasree Wadhwa,KQJPW6231Z
Bhaagyasree Oak,HTZPO7688G
Satishwar Cherian,KEJPC1446D
Saurabh Oza,RHMPO1759U
Charu Bajaj,WJBPB1562G
Surya Bhandari,RONPB7168Y
Karim Char,CHAPC6274H
Falguni Bhattacharyya,XFCPB9875J
Ram Kumer,SYDPK2783B
Venkat Bera,ZBWPB7658G
Faraz Naidu,ATWPN3206Y
Ajeet Wagle,SFFPW7064Z
Eddie Borde,BNRPB1748F
Baber Morar,EHAPM5527J
Akhila Mistry,MNDPM7311Q
Kalpit Bhavsar,DKFPB8755S
Natwar Ramachandran,YHKPR3031V
Uday Sahota,XNXPS5116R
Chinmay Oza,MTJPO3317M
Esha Bhargava,NJFPB1521Z
Vimala Kota,QDFPK8316Z
Vicky Doctor,HDRPD5855W
Rakhi Sani,SHPPS5335O
Amir Varughese,PZAPV6651V
Rakhi Bawa,KNIPB3490Z
Sameera Dora,QANPD5231R
Amir Shere,IGPPS7608X
Divya Prabhakar,ZAGPP7914D
Natwar Sagar,ERDPS6613H
Ritika Kale,TAWPK3044O
Tarun Kala,HESPK5128U
Faraz Ramaswamy,RUWPR3110P
Koushtubh Sahni,TDRPS5879M
Aishwarya Sarkar,PWAPS3726K
John Rege,PZKPR9094W
Arpit Mahajan,XXOPM5908M
Hemendra Mahadeo,EETPM2148E
Zeeshan Kade,HVLPK6965P
Eddie Lanka,XYUPL8308M
Nilima Behl,BDOPB6185O
Faisal Nagy,YAYPN9689M
Ram Sathe,GSEPS3786V
Manjari Baral,EEAPB2702U
Zara Chawla,FRPPC9920J
Govind Borde,YMGPB7678M
Tanay Sani,ROYPS9656N
Usha Johal,EJPPJ4201V
Jiya Subramaniam,TATPS4973N
Obaid Bhalla,PUAPB4560M
Omar Gour,IDUPG7667G
Kalyan Solanki,QZRPS3876U
Falguni Handa,IHDPH4574K
Satish Jhaveri,KSHPJ9871T
Wahid Yohannan,DQDPY4460E
Munni Amble,FUYPA9617I
Basanti Iyer,VCTPI6505F
Samir Mangal,VMGPM8512C
Subhash Roy,YHBPR3771S
Sara Raju,QLGPR4650O
Peter George,YXQPG7063V
Rita Bobal,JHYPB1608A
Chinmay Yohannan,WICPY7077G
Mohanlal Chokshi,RJHPC8552X
Aniruddh Gulati,FHDPG2212O
Astha Nazareth,GKVPN6731G
Ram Gopal Yohannan,YBMPG7006S
Basanti Deo,HBJPD8297D
Indira Ray,KUBPR4686Y
Jawahar Jain,HKPPJ8405Y
Supriya Guha,AVVPG6059K
Arvind Chaudhari,LMKPC3271A
Radheshyam Prashad,BKDPP1601R
Sona Vaidya,HWQPV7053J
Yamini Sodhi,OKJPS9754U
Rachel Shukla,YAJPS2587E
Kanika Talwar,CNKPT9878D
Riya Meka,ZCBPM9019A
Sohail Chopra,FJKPC4605I
Binod Chaudhary,IFRPC6017O
Jamshed Narayanan,WJVPN5487Y
Arvind Loke,YLJPL9573V
Gulzar Konda,EWLPK6420G
Abdul Savant,HOAPS2317V
Srinivasan Chia,SZHPC9332B
Ajinkya Tella,SDUPT3033C
Rupesh Vig,RSAPV7061Y
Preet Sidhu,ZTSPS1290E
Nutan Sachdev,ADWPS6896T
Anusha Madan,CRBPM8315D
Faraz Saha,VNLPS3276Z
Raghavan Dugal,TCHPD3471Z
Sharad Rama,SYQPR3938M
Rashid Sarraf,ZTPPS9567O
Aadil Sule,WVYPS2373Y
Nayan Issac,YLGPI6371O
Harbhajan Vyas,XNWPV4030P
Navami Dey,BKMPD1924S
Tanuja Chokshi,DIGPC5535M
Chandni Sachdeva,SHYPS7638F
Kalyan Saran,VRZPS3843B
Mohan Konda,WIEPK3355L
Bhairavi Shenoy,ETWPS2411I
Avantika Sethi,XUSPS3040Q
Saurabh Varghese,XZPPV5064O
Yadu Aurora,EEJPA7542D
Charu Rau,ROPPR7835W
Alex Aggarwal,QKZPA1037J
Bhaagyasree Bhasin,IAVPB1982T
Pamela Dixit,AAQPD1115K
Albert George,DMFPG9976N
Balaji Goel,AVYPG5580E
Padmini Chopra,XSRPC5465K
Abhinav Gupta,HCSPG1201F
Kasturba Bassi,DEXPB5638G
Suresh Chhabra,OJRPC2613I
Daanish Mukhopadhyay,QOEPM8975E
Mohit Ratta,MZEPR1417C
Kushal Halder,OQCPH4608R
Eddie Karan,URDPK3901O
Binod Sathe,XRGPS9439O
Elias Rege,BFYPR9614J
Monica Sodhani,LIVPS8850W
Farah Lall,ZMYPL5880F
Pranab Prashad,SMBPP2646Y
Faraz Parikh,AIJPP1793W
Indira Karan,KPNPK2772I
Falguni Bajwa,PIUPB7966G
Hina Lalla,CAYPL9180V
Kanika Agate,UGRPA4371Q
Akshay Meda,YHLPM8308L
Namita Mani,DQIPM6330G
Poonam Nayak,LPMPN6264Z
Neha Bassi,RFUPB6238O
Riddhi Surana,XBNPS1114S
Kushal Atwal,TWNPA2941M
Surya Aurora,PBKPA8022W
Arun Kuruvilla,RVFPK5990A
Emran Mukhopadhyay,RYHPM3377Y
Mohanlal Nadkarni,ENYPN3199F
Chinmay Nori,USGPN6010Z
Sirish Sane,DACPS8618F
Nikita Malpani,UAAPM5350K
Riddhi Golla,BZFPG5850Q
Devendra Bala,NLIPB8152H
Heena Ray,ZIVPR9704S
Uma Issac,DVTPI6750L
Lalita Subramaniam,CRPPS9155B
Karim Merchant,PYCPM8062F
Siddharth Arora,VEEPA9583P
Anshu Chacko,HPKPC4093F
Gajendra Nair,JZVPN6315S
Sumit Bir,OKRPB6086E
Kamlesh Pardeshi,KTGPP3356V
Ramesh Raj,PIDPR3027M
Rimi Tara,TXRPT9010P
Kabeer Murthy,GFTPM1822M
Ehsaan Setty,EEBPS7021U
Chhaya Dora,GRIPD3745W
Komal Pall,PBLPP6183X
Kamini Misra,HVJPM1420H
Chhavi Zachariah,DTCPZ8852X
Rajesh Natarajan,PTDPN7388R
Shashank Ramnarine,HMKPR1140L
Naina Dalal,HBZPD4922W
Tanuja Sen,VJMPS9529T
Faisal Purohit,KPGPP7188U
Sharad Gulati,QJNPG8701V
Aisha Murthy,BMCPM1435U
Arjun Chokshi,PBIPC5878N
Abhishek Kapur,EMOPK3884J
Ajinkya De,CGBPD7122X
Gulab Salvi,FJFPS4379E
Chinmay Din,VGTPD4089Q
Tejaswani Doshi,BOFPD4914V
Narayan Malpani,LXSPM5803T
Rimi Srivastava,WFRPS7086Q
Urmila Parmer,HOEPP9324O
Nilima Bhandari,TPXPB2824B
Nancy Kant,EXRPK1634V
Elias Goyal,FEXPG2969U
Azhar Sawhney,ENOPS3415S
Malik Khanna,IUFPK9513T
Marlo Mutti,SYBPM9090Q
Jagruti Basak,BXRPB4007T
Moti Nori,VWLPN5519G
Ratan Toor,NLFPT7230Q
Yash Amin,EJIPA1890Y
Aabha Agate,RFGPA6080X
Aarif Din,RQZPD1622Y
Samir Kar,VXIPK3076I
Teena Mishra,FXOPM1891H
Basanti Nadig,CFWPN6066A
Ibrahim Nanda,OVJPN3092D
Damini Yadav,FDOPY3459H
Qadim Dhar,GWLPD2566D
Dhanush Karnik,EEKPK6490S
Lakshmi Sidhu,RDFPS8749Z
Naina Butala,RTIPB9596R
Babita Rajagopal,NKDPR9711R
Megha Varty,TDYPV9806H
Mehul Handa,DWXPH9071D
Nayan Mahadeo,PSRPM4234F
Munni Gulati,VUGPG9119I
Gulzar Sanghvi,TUXPS7852N
Mitesh Bandi,KSBPB6783T
Hetan Pillai,HVKPP7243W
Karim Ramachandran,YASPR1075D
Julie Doctor,EUTPD4668W
Neela Gaba,HCYPG2049J
Tanay Ghosh,YKAPG4918N
Albert Jhaveri,ZRJPJ2902R
Neela Barad,NKUPB4235E
Owais Jaggi,BVUPJ5052H
Fardeen Ratta,BYJPR2429M
Giaan Naruka,XVYPN7820T
Malik Chand,QTZPC7735P
Jayshree Kurian,ORSPK5846C
Aniruddh Pall,XSLPP3537G
Lakshmi Chandra,QSCPC9757K
Chandni Mannan,VAXPM7816B
Falguni Ravi,EANPR8531Y
Qabool Arora,FWJPA9713T
Chhavi Mallick,MXLPM6454E
Pinky Narula,NFUPN4332K
Kalyani Gola,BTKPG9172F
Navami Thakur,DYKPT9504O
Virat Tandon,XPZPT4073L
Tejaswani Dad,FYXPD7503T
Binod Barman,GMGPB5213N
Shobha Pal,PDCPP3814X
Neha Ramkissoon,LQNPR9787D
Aditi Date,YGDPD2009B
Chhavi Cheema,XJQPC4099E
Kushal Chadha,ONEPC1486Y
Alex Bahri,ICPPB2734F
Nishita Arora,CAPPA5053I
Vijayent Hegde,ZGRPH1004F
Javed Rattan,INKPR1314Q
Faisal Kata,QFJPK4842P
Ajay Bir,RJKPB6162F
Vicky Kalita,QXKPK5339C
Diya Chaudhuri,OUYPC3638B
Maya Kashyap,MRDPK1658N
Sharad Sani,OVFPS5664L
Basanti Chad,KXWPC3681S
Habib D’Alia,FNBPD9316H
Aruna Khanna,DCNPK7669S
Hemendra Ram,JLPPR2790Y
Somnath Yohannan,RHTPY1315G
Hari Toor,EAQPT4877Q
Subhash Maraj,AIWPM2407E
Payal Narula,NVUPN2473P
Yash Vala,HDMPV1997N
Jawahar Bumb,VKVPB8931Z
Charlie Chowdhury,ITMPC8832T
Feroz Doshi,RMAPD5431U
Tushar Hegde,WTZPH1823Q
Bhaagyasree Toor,QUNPT2073M
Kamini Mahadeo,JKWPM6173N
Zahir Naidu,MBVPN9403B
Isha Jayaraman,KJDPJ7438L
Jaswant Butala,GJOPB7691Q
Lalita Yadav,RANPY9328B
Krishna Agarwal,MNOPA6844N
Raj Mangat,ITGPM1194M
Prabha Bhat,XZSPB5301P
Somnath Mandal,NVOPM1030S
Richa Lall,JYOPL1257G
Swati Brar,CCSPB6194B
Harbhajan Chaudry,KPNPC6704H
Amrita Dasgupta,WARPD8766M
Teena Ramaswamy,MCLPR4999S
Naina Patla,SBBPP1068W
Tushar Walia,QHRPW4476L
Swati Agarwal,XMJPA6316L
Ehsaan Balan,XNCPB6354R
Gulzar Sehgal,NXVPS8293M
Komal Gupta,DJYPG9349R
Neerendra Sachar,TAMPS2848L
Munaf Kumer,WCWPK3905Z
Poonam Lal,YSQPL4537U
Madhu Saraf,QMRPS1660Y
Feroz Wable,OCDPW3067S
Sameera Baral,WHHPB5819Y
Sushmita Chia,IOYPC4797R
Amolika Swaminathan,XENPS3953V
Baalkrishan Pai,CAWPP4995Q
Siddharth Nanda,GUSPN1489W
Jamshed Lad,TJBPL2137C
Munaf Oommen,XHAPO3189J
Sharad Chada,MHKPC2411V
Nidhi Balakrishnan,MJEPB2610Z
Nilima Chadha,LRRPC1565Q
Ehsaan Dave,PBOPD9559X
Subhash Mukherjee,HQRPM9316Y
Hari Som,LBYPS3407R
Neerendra Lalla,LVHPL2514H
Rosey Salvi,RPWPS9379B
Kunti Manda,CSOPM3650U
Vineeta Tara,UGZPT4453I
Nirmal Sandal,UCIPS1815W
Seema Batta,WFAPB1675V
Sara Natt,ZHYPN8049L
Naresh Goda,DPIPG8085B
Isha Mann,NCXPM3655Z
Aastha Anne,AVPPA3867Y
Laveena Shetty,NBTPS7135A
Nikita Ramnarine,HNLPR3137E
Krishna Gopal,HMCPG7417I
Chhaya Kara,GJVPK7878H
Neela Patla,ABOPP4535E
Arvind Borah,DOYPB4325B
Baber Cherian,IDCPC9962O
Bagwati Sachdeva,VGMPS8449K
Sabina Ganesh,MXYPG8470O
Himesh Garde,ADGPG7008G
Ghalib Chaudhari,GGJPC6670P
Karim Dar,HHBPD6331H
Roma Meda,VXBPM4888O
Isha Baria,PBGPB8716G
Naval Sanghvi,PEEPS9206F
Pooja Shenoy,MTAPS7767V
Gowri Radhakrishnan,MYBPR8652Q
Radhe Narain,LBJPN6310N
Krishna Varghese,ZZSPV5953L
Sheetal Naik,WNGPN1664B
Rohini Khatri,NIVPK5082J
Ghalib Jhaveri,MVTPJ2843H
Radha Prabhakar,JJYPP5414L
Richa Mishra,SMNPM2442C
Rupal Sagar,UTVPS5858K
Obaid Mohan,IYLPM3144C
Chitra Ratta,BNRPR8556M
Savita Suresh,PGAPS1915G
Ujwal Kari,QJFPK5792Z
Samir Dutta,VHEPD3706L
Madhavi Baria,VBPPB8051H
Falguni Barman,VUCPB6213Y
Sneha Jha,UWFPJ2630S
Maya Brar,OPGPB5988Z
Elias Devi,SVYPD5689Z
Hira Seth,BJDPS4824F
Munaf Cheema,PWZPC5682W
Ragini Ahluwalia,CEVPA3388T
Aslam Ray,BLJPR8752C
Wafiq Mody,TMTPM9017J
Abdul Prashad,ICHPP3826D
Anusha Kumar,IZDPK4926L
Veena Mathew,LZVPM9719G
Hrishikesh Sama,YRNPS4620R
Darpan Banerjee,YBWPB1214U
Usman Bath,QEIPB3834O
Nilam Sheth,DRIPS7220S
Ajinkya Arya,ANNPA6829K
Siddharth Narula,GQBPN6270E
Kim Devi,HUIPD3447W
Mona Garg,FZQPG4906M
Aditi Virk,ZMGPV3367Z
Nazir Patil,DHSPP4906Y
Aruna Vasa,VBCPV5370F
Kasturi Biyani,ODVPB5225H
Swati Uppal,YLWPU9576M
Charlie Padmanabhan,AAZPP8691I
Sameera Sarin,MLCPS5621C
Rashid Banik,JVPPB1107H
Vijayent Dixit,VDQPD3297N
Amrita Shah,CNTPS2358T
Nilam Tripathi,ROFPT4110P
Afreen Sarna,TQDPS6536A
Mukund Suresh,FIMPS5610Y
Smriti Mody,NYZPM6495M
Mayawati Vyas,ZENPV2651F
Krishna Shan,ZBXPS4888E
Bharat Meda,CAZPM5176L
Preet Nadig,HPQPN3328D
Nishita Shetty,UGXPS4428O
Veena Kaur,TPFPK6629S
Farah Dua,BYKPD2460T
Nishi Sahota,AXKPS4830U
Deep Malhotra,KCNPM6087G
Juhe Kabra,HTIPK1856P
Manoj Majumdar,HKLPM9468C
Leelawate Mall,PKRPM5285Z
Ananya Ramaswamy,DJTPR6532M
Abdul Sharma,KJTPS9322Z
Jayshree Swamenathan,ZFNPS4729T
Dheraj Badame,OQYPB8765C
Sweta Chandra,RDDPC4548H
Mote Usman,TMZPU5331G
Naena Vyas,JJWPV3793W
Mehul Choudhry,FOEPC6560Z
Abhenav Kebe,MTKPK1633T
Julee Dass,LQUPD6978O
Gunjan Lode,YDMPL5052V
Perzada Shetty,HLBPS3053V
Anusha Kreshna,SWFPK2273Q
Rakhe Nadeg,YVHPN7868N
Meghana Parsa,PZQPP2713M
Arjun Teware,JWUPT1256Z
Anketa Shankar,CPFPS3964D
Seema Kala,TGFPK5328E
Jasmen Dewan,AWNPD7060N
Sameera Dave,UDAPD9237D
Navame Pellay,HAQPP6133Y
Devya Malhotra,VGPPM9830W
Cherag Bhattacharyya,QRNPB7064F
Neshe Manda,YVHPM7278C
Fakarudden Gole,CJUPG7139B
Tarun Saha,ZAIPS1928I
Kaelash Dey,LRNPD6354X
Narmada Sebal,VLLPS9882A
Aatef Rave,LVGPR6768D
Sed Malleck,GBAPM3631B
Mredula Meka,WIOPM4899V
Radheshyam Manda,SFXPM3297J
Ghaleb Andra,NCUPA4956L
Gajendra Beharry,POPPB9903P
Anshu Sane,CLIPS7847O
Mukund Bhavsar,PRSPB4591S
Reteka Bal,KMOPB7014I
Tabeed Thomas,GJBPT1906K
Urvashe Sharaf,UHUPS6949I
Reme Ganesh,TTDPG3028Z
Wafeq Mann,OAWPM1236D
Ram Kaleta,IWYPK5136T
Kem Sampath,HYZPS5446T
Tanay Khan,FTMPK8833P
Baber Sathe,FGUPS3975R
Lata Golla,LBXPG8390X
Veena Chada,JWXPC2756I
Baalkreshan Deol,RYYPD9053R
Pranay Veswanathan,IYQPV3454E
Abhenav Dayal,JAPPD6632Z
Verat Deve,MJBPD2319S
Mredula Bennane,WBQPB3548H
Parmender Walla,PWGPW6152K
Abheshek Teware,WCQPT9763E
Zeenat Cherean,JDPPC7070K
Mukul Gokhale,RXVPG6669T
Sae Bhandare,WMVPB5254K
Adetya Sunder,LNGPS9848V
Ragene Varughese,FAVPV4710O
Jagrute Barad,BAHPB4294P
Eddee Bhargava,KYIPB9227G
Aesha Ratte,ICYPR5756H
Nakul Arya,KSJPA6024E
Nalene Thakur,XTEPT3326G
Alaknanda Magar,MZWPM6918B
Recha Ghosh,EXMPG9111Y
Anshu Kresh,BDJPK5193V
Rupal Rastoge,CSKPR6047R
Nameta Rajan,UOQPR6772F
Damene De,ITRPD6041Z
endera Raval,DNFPR8690Z
Moneca Natarajan,UQJPN3706K
Pushpa Bhargava,ATWPB2050W
Verat Verk,XNFPV2178P
Benoya Sen,FYAPS2325A
Jack Saha,UGHPS6484K
Kasturba Sachdeva,ZOHPS4072P
Mote Gopal,SQQPG8928O
Charu Dutt,GAFPD4224W
Anshu Meda,YQYPM8421T
Mayawate Solanke,BWYPS3633H
Lata Acharya,MVSPA7551Z
Fakarudden Seng,AHSPS5973R
Jayshree Loyal,YFYPL1951C
Afreen Sarma,XLWPS8838M
Neyate Magar,SOPPM9567B
Naena Srenevas,MSAPS3503E
Navame Ben,PGIPB4039N
Padama Karnek,YRZPK6346G
Sateshwar Gupta,HHUPG3642R
Jack Karan,VNSPK2545Y
Chad Basanti,VAOPB8092N
D’Alia Habib,PXYPH8601F
Khanna Aruna,DBKPA4744B
Ram Hemendra,BZJPH6590P
Yohannan Somnath,GMIPS1862E
Toor Hari,DLKPH6514R
Maraj Subhash,IEZPS8982K
Narula Payal,GSQPP5534Z
Vala Yash,UWXPY5724T
Bumb Jawahar,OYCPJ9175H
Chowdhury Charlie,AWHPC1670Q
Doshi Feroz,BRBPF6966Q
Hegde Tushar,ERPPT4392W
Toor Bhaagyasree,EITPB6013Y
Mahadeo Kamini,RBFPK6364P
Naidu Zahir,BFNPZ5349M
Jayaraman Isha,LLTPI5039F
Butala Jaswant,ZRVPJ5526T
Yadav Lalita,NKLPL9025F
Agarwal Krishna,GUSPK4009R
Mangat Raj,EJGPR7042W
Bhat Prabha,UONPP7401D
Mandal Somnath,GZMPS2927U
Lall Richa,QZVPR7678A
Brar Swati,TVNPS4389Q
Chaudry Harbhajan,BYGPH9178H
Dasgupta Amrita,LOBPA7823N
Ramaswamy Teena,IFUPT8779B
Patla Naina,SNKPN2438L
Walia Tushar,HFGPT4018O
Agarwal Swati,MOAPS4409S
Balan Ehsaan,SMCPE5412B
Sehgal Gulzar,VFHPG3580R
Gupta Komal,GXPPK1133Z
Sachar Neerendra,TFZPN1351I
Kumer Munaf,MYZPM3454J
Lal Poonam,TWNPP1044T
Saraf Madhu,YLMPM3655D
Wable Feroz,EBNPF1122G
Baral Sameera,FTVPS6159U
Chia Sushmita,YZTPS8843B
Swaminathan Amolika,FUDPA2140F
Pai Baalkrishan,YSSPB7232O
Nanda Siddharth,IHJPS6335V
Lad Jamshed,TPWPJ4631L
Oommen Munaf,CTKPM2269L
Chada Sharad,XXKPS9673W
Balakrishnan Nidhi,HLNPN9868W
Chadha Nilima,XOUPN7491I
Dave Ehsaan,GPCPE3517B
Mukherjee Subhash,JCVPS9125H
Som Hari,EDDPH6444B
Lalla Neerendra,UCXPN2767O
Salvi Rosey,EIOPR5873F
Manda Kunti,RBPPK4872B
Tara Vineeta,IYOPV1963I
Sandal Nirmal,UJDPN1682L
Batta Seema,ACUPS9954L
Natt Sara,HMRPS7494U
Goda Naresh,XGGPN1263L
Mann Isha,XAYPI9262Q
Anne Aastha,FSVPA4257O
Shetty Laveena,TJOPL3088R
Ramnarine Nikita,UFVPN1335H
Gopal Krishna,POSPK8376D
Kara Chhaya,JKFPC9503K
Patla Neela,CGNPN1461P
Borah Arvind,PKDPA4653O
Cherian Baber,YOJPB4447H
Sachdeva Bagwati,TIWPB7977N
Ganesh Sabina,EJLPS2895D
Garde Himesh,OJRPH3423M
Chaudhari Ghalib,LSQPG5366K
Dar Karim,FQTPK6017Q
Meda Roma,UQNPR9058A
Baria Isha,DOFPI4374R
Sanghvi Naval,GNTPN3766A
Shenoy Pooja,QALPP7886D
Radhakrishnan Gowri,URZPG1905N
Narain Radhe,OOJPR1802Y
Varghese Krishna,ADRPK3080N
Naik Sheetal,KYPPS5644K
Khatri Rohini,ESOPR5787M
Jhaveri Ghalib,EHEPG5620M
Prabhakar Radha,ULAPR1053I
Mishra Richa,XXKPR9687D
Sagar Rupal,LURPR5833H
Mohan Obaid,LMEPO9598W
Ratta Chitra,WMMPC2253X
Suresh Savita,BMLPS6618V
Kari Ujwal,IZYPU9399T
Dutta Samir,YPBPS8397J
Baria Madhavi,ECTPM6458G
Barman Falguni,UNZPF9859Q
Jha Sneha,IBRPS6147X
Brar Maya,KPQPM3912I
Devi Elias,GGWPE6502P
Seth Hira,XLLPH1599L
Cheema Munaf,HKJPM3188D
Ahluwalia Ragini,DTJPR9253V
Ray Aslam,MXDPA8110T
Mody Wafiq,VUWPW7579U
Prashad Abdul,AFDPA4760J
Kumar Anusha,VTDPA1637L
Mathew Veena,VINPV1276F
Sama Hrishikesh,COVPH3566V
Banerjee Darpan,WFLPD3317R
Bath Usman,ZBVPU8861Q
Sheth Nilam,YCIPN3618Y
Arya Ajinkya,TFNPA7214A
Narula Siddharth,QIRPS3802D
Devi Kim,VDBPK3078R
Garg Mona,WXCPM3386V
Virk Aditi,IAWPA7337S
Patil Nazir,YRMPN7365L
Vasa Aruna,ICZPA7359U
Biyani Kasturi,QDTPK2557I
Uppal Swati,WFAPS5632J
Padmanabhan Charlie,ZFJPC8539R
Sarin Sameera,XCZPS8804L
Banik Rashid,GKAPR8705H
Dixit Vijayent,RHXPV8517C
Shah Amrita,FVSPA4477P
Tripathi Nilam,WUSPN5371L
Sarna Afreen,MGLPA6295J
Suresh Mukund,APSPM3728D
Mody Smriti,CAZPS1025T
Vyas Mayawati,KDTPM4743Y
Shan Krishna,TUOPK1862H
Meda Bharat,XMXPB3381A
Nadig Preet,PALPP7211U
Shetty Nishita,PMAPN5193G
Kaur Veena,NGNPV8295Y
Dua Farah,TMCPF8618M
Sahota Nishi,RTYPN9631V
Malhotra Deep,PMHPD9317G
